"income","Non-meat marketing campaign (Scenario 1)","Increase in meat pricing (Scenario 2)","Increase in non-meat options (Scenario 3)","Combined non-meat push (Scenario 4)"
"Less than $25k",0.041677040770142,0.0308114146491904,0.0909018086946251,0.124801881091585
"$25k - $55k",0.0411087949525199,0.0305315363965614,0.0881673919872907,0.122499178849302
"$55k - $75k",0.040952651918128,0.0304600676770342,0.0880480243562018,0.122518847421171
"More than $75k",0.0401352180349381,0.0311314931585473,0.0947760799752418,0.128925596309425
