"poverty","Non-meat marketing campaign (Scenario 1)","Increase in meat pricing (Scenario 2)","Increase in non-meat options (Scenario 3)","Combined non-meat push (Scenario 4)"
"In Poverty",0.0417614157667711,0.0309754477163025,0.0913789098281809,0.125316401555922
"Not in Poverty",0.0405739580924208,0.0307925674710675,0.091326381491042,0.125628652415587
