"poverty","Non-meat marketing campaign (Scenario 1)","Increase in meat pricing (Scenario 2)","Increase in non-meat options (Scenario 3)","Combined non-meat push (Scenario 4)"
"In Poverty",0.040992659543889,0.0318240508218745,0.0916430341024109,0.124333077558405
"Not in Poverty",0.042135859246617,0.0332379288803683,0.0920322791453442,0.124383702738235
